Date,User Id,Tweet,Link,User Profile
6/24/2014 8:51:18 PM,SaulMurr09,"Essentials for an emergency fix! ğŸ’„âŒšï¸ğŸ’‹ğŸ’¨ #lacoste #twsteel #mac http://t.co/w3oT4QuPV0",https://twitter.com/SaulMurr09/status/481419293515845633,https://twitter.com/SaulMurr09
6/24/2014 8:49:27 PM,SotoErick_,"Essentials for an emergency fix! ğŸ’„âŒšï¸ğŸ’‹ğŸ’¨ #lacoste #twsteel #mac http://t.co/Fm0N6fmxcQ",https://twitter.com/SotoErick_/status/481418828917010432,https://twitter.com/SotoErick_
6/24/2014 8:45:39 PM,ValentinTnr,"Essentials for an emergency fix! ğŸ’„âŒšï¸ğŸ’‹ğŸ’¨ #lacoste #twsteel #mac http://t.co/2k401IgKoO",https://twitter.com/ValentinTnr/status/481417869721628672,https://twitter.com/ValentinTnr
6/24/2014 8:45:03 PM,_kaelGuzman,"Essentials for an emergency fix! ğŸ’„âŒšï¸ğŸ’‹ğŸ’¨ #lacoste #twsteel #mac http://t.co/WdgOGOPtpq",https://twitter.com/_kaelGuzman/status/481417718441476097,https://twitter.com/_kaelGuzman
6/24/2014 8:43:56 PM,MarcosAlmn,"Essentials for an emergency fix! ğŸ’„âŒšï¸ğŸ’‹ğŸ’¨ #lacoste #twsteel #mac http://t.co/3PJIPvq6Qt",https://twitter.com/MarcosAlmn/status/481417440870817792,https://twitter.com/MarcosAlmn
6/24/2014 8:43:23 PM,GeovaniTrr,"Essentials for an emergency fix! ğŸ’„âŒšï¸ğŸ’‹ğŸ’¨ #lacoste #twsteel #mac http://t.co/tPawhk5wUA",https://twitter.com/GeovaniTrr/status/481417301494071296,https://twitter.com/GeovaniTrr
6/24/2014 8:42:25 PM,RubenVidl,"Essentials for an emergency fix! ğŸ’„âŒšï¸ğŸ’‹ğŸ’¨ #lacoste #twsteel #mac http://t.co/6CJwSt54g5",https://twitter.com/RubenVidl/status/481417057033281538,https://twitter.com/RubenVidl
6/24/2014 8:42:21 PM,alamillaHernan_,"Essentials for an emergency fix! ğŸ’„âŒšï¸ğŸ’‹ğŸ’¨ #lacoste #twsteel #mac http://t.co/tlRJRi99r8",https://twitter.com/alamillaHernan_/status/481417042528980992,https://twitter.com/alamillaHernan_
6/24/2014 8:42:00 PM,MaxPga_,"Essentials for an emergency fix! ğŸ’„âŒšï¸ğŸ’‹ğŸ’¨ #lacoste #twsteel #mac http://t.co/dwHpGuDH3B",https://twitter.com/MaxPga_/status/481416953496870912,https://twitter.com/MaxPga_
6/24/2014 8:40:55 PM,JaesonVna,"Essentials for an emergency fix! ğŸ’„âŒšï¸ğŸ’‹ğŸ’¨ #lacoste #twsteel #mac http://t.co/GuUUlqcsTQ",https://twitter.com/JaesonVna/status/481416681471115264,https://twitter.com/JaesonVna
6/24/2014 8:40:31 PM,WilbertZmra,"Essentials for an emergency fix! ğŸ’„âŒšï¸ğŸ’‹ğŸ’¨ #lacoste #twsteel #mac http://t.co/iaSgjgzvFM",https://twitter.com/WilbertZmra/status/481416579062972416,https://twitter.com/WilbertZmra
6/24/2014 8:39:27 PM,Kuaderno_Rosas,"Essentials for an emergency fix! ğŸ’„âŒšï¸ğŸ’‹ğŸ’¨ #lacoste #twsteel #mac http://t.co/Mxu7lN55MU",https://twitter.com/Kuaderno_Rosas/status/481416311680299008,https://twitter.com/Kuaderno_Rosas
6/24/2014 8:39:01 PM,AlvarezBT_,"Essentials for an emergency fix! ğŸ’„âŒšï¸ğŸ’‹ğŸ’¨ #lacoste #twsteel #mac http://t.co/6GuDzH3G7k",https://twitter.com/AlvarezBT_/status/481416203765047296,https://twitter.com/AlvarezBT_
6/24/2014 8:34:50 PM,BarraganEnergy_,"Essentials for an emergency fix! ğŸ’„âŒšï¸ğŸ’‹ğŸ’¨ #lacoste #twsteel #mac http://t.co/EkZI0P3O2D",https://twitter.com/BarraganEnergy_/status/481415150067781632,https://twitter.com/BarraganEnergy_
6/24/2014 8:30:20 PM,LazaroSrrn,"Essentials for an emergency fix! ğŸ’„âŒšï¸ğŸ’‹ğŸ’¨ #lacoste #twsteel #mac http://t.co/HL7lWk3xzT",https://twitter.com/LazaroSrrn/status/481414016288702464,https://twitter.com/LazaroSrrn
6/24/2014 6:15:50 PM,sebnem_sebnem_,"RT @ipekbagriacikk: SÄ°ZCE HANGÄ°SÄ° ? âŒšï¸â¤ï¸# #twsteel #saat#aksesuar #moda #trend #follow #forumsaat #fashion #instaturkey http://t.co/V8eZumPâ€¦",https://twitter.com/sebnem_sebnem_/status/481380166628036608,https://twitter.com/sebnem_sebnem_
6/24/2014 4:48:55 AM,mara_doha,"Super love this watch. #TWSteel http://t.co/3EUwxv68br",https://twitter.com/mara_doha/status/481177100838531072,https://twitter.com/mara_doha
6/24/2014 3:19:34 AM,Amazillionaire,"by @twsteel "Be Big, Be Bold, make a statement with the CEO Tech! #BIGTIME #TWSTEEL #watchesofinstagram" http://t.co/h5i1mCe2fv",https://twitter.com/Amazillionaire/status/481154616714076161,https://twitter.com/Amazillionaire
6/23/2014 11:16:56 PM,jmryder,"RT @SteffansUK: Our watches come alive at night!! #TWSteel #GlowInTheDark http://t.co/lxdzCkpdAF",https://twitter.com/jmryder/status/481093555688325120,https://twitter.com/jmryder
6/23/2014 10:37:55 PM,SteffansUK,"Our watches come alive at night!! #TWSteel #GlowInTheDark http://t.co/lxdzCkpdAF",https://twitter.com/SteffansUK/status/481083735220436992,https://twitter.com/SteffansUK
6/23/2014 11:56:06 AM,RosaGlam,"Check out TW Steel Men's CEO Goliath Dial 37mm Watch  CE3001 Silver Sunray #TWSteel #Dress http://t.co/qNkgw0PTqf via @eBay",https://twitter.com/RosaGlam/status/480922219548114946,https://twitter.com/RosaGlam
6/23/2014 8:44:01 AM,jimsway8,"Cool shot by geryrf ! #twsteel #yellow #summer #car #italy #amazing #ignation #beautiful #watchâ€¦ http://t.co/8L1pMCL28f",https://twitter.com/jimsway8/status/480873878458486784,https://twitter.com/jimsway8
6/23/2014 12:00:02 AM,TEMPUSJEWELLERY,"ÎˆÏ„Î¿Î¹Î¼Î¿Î¹ Î³Î¹Î± Ï„Î·Î½ Î±Ï€Î¿Î³ÎµÏ…Î¼Î±Ï„Î¹Î½Î® Î²ÏŒÎ»Ï„Î±??? #bigtime #twsteel #tw #thessaloniki #tempus #tempusjewelleryâ€¦ http://t.co/WcZIUpKSIC",https://twitter.com/TEMPUSJEWELLERY/status/480742013005234176,https://twitter.com/TEMPUSJEWELLERY
6/22/2014 7:28:23 PM,Gutsymmc,"@OldCornerStore loving the watch box!#watches #twsteel #toy #hublot",https://twitter.com/Gutsymmc/status/480673651155812352,https://twitter.com/Gutsymmc
6/22/2014 6:09:45 PM,micoaytona,"Thank you so much for this kick ass gift my love!i super love it!nikkymoulin #twsteel #class #giftâ€¦ http://t.co/3bwgWX65wH",https://twitter.com/micoaytona/status/480653860973715456,https://twitter.com/micoaytona
6/22/2014 3:15:47 PM,MishApostolou,"What Simon does when he's bored... Let's go shopping #ticktock #badinfluence #twsteel http://t.co/ZRsTOchIXI",https://twitter.com/MishApostolou/status/480610081419972608,https://twitter.com/MishApostolou
6/22/2014 2:19:21 PM,alexbeb,"#spafrancorchamp #Spa #tomcoronel #valvoline #mcgregor #twsteel #BelgiÃ« #wtcc @tomcoronel  ğŸš™ğŸ’¨ğŸ’¨ğŸ’¨ğŸ‘ http://t.co/fap0hUgmMO",https://twitter.com/alexbeb/status/480595877992472576,https://twitter.com/alexbeb
6/22/2014 12:41:48 AM,TheMikeParker,"This was my first TW Steel. Very solid watch #wf4life #twsteel http://t.co/Sb3yQOhuQG",https://twitter.com/TheMikeParker/status/480390138498125824,https://twitter.com/TheMikeParker
6/21/2014 8:57:34 PM,LuxWatchGalor,"TW Steel Canteen Chronograph White Dial White Leather Unisex Watch TW10R http://t.co/D8HXmMHtRx #Ladies #Men #TWSteel",https://twitter.com/LuxWatchGalor/status/480333707480281088,https://twitter.com/LuxWatchGalor
6/21/2014 7:53:05 PM,aliciajbooth,"Today's work #formula1 #twsteel #liverpool http://t.co/cCJ8MQwjyy",https://twitter.com/aliciajbooth/status/480317476937269248,https://twitter.com/aliciajbooth
6/21/2014 2:13:43 PM,payship,"Sporting our T.W. Steels. #weekends #TWSteel @kaeaguas http://t.co/RsMkQU29hA",https://twitter.com/payship/status/480232076013494272,https://twitter.com/payship
6/21/2014 6:06:46 AM,jesseghiorzi,"Wedding watch. #jelsi #womw  #twsteel #watchgame http://t.co/7not5WWGnN",https://twitter.com/jesseghiorzi/status/480109528378122240,https://twitter.com/jesseghiorzi
6/21/2014 4:10:00 AM,ZwaN,"Good morning #ohayou #ãŠã¯ã‚ˆã† #twsteel #orange #ceo #canteen #5am http://t.co/KFBkd10bg2",https://twitter.com/ZwaN/status/480080144799784961,https://twitter.com/ZwaN
6/21/2014 2:44:44 AM,johnnyeastwood,"RT @ce_racing_ncc: Good day today 2nd quickest over the whole day brdcf4 round 3 #snett #twsteel #arai #keeperlit http://t.co/To2noGNVHH",https://twitter.com/johnnyeastwood/status/480058686661222400,https://twitter.com/johnnyeastwood
6/21/2014 2:30:35 AM,ce_racing_ncc,"Good day today 2nd quickest over the whole day brdcf4 round 3 #snett #twsteel #arai #keeperlit http://t.co/To2noGNVHH",https://twitter.com/ce_racing_ncc/status/480055123612151809,https://twitter.com/ce_racing_ncc
6/21/2014 1:33:59 AM,LuxWatchGalor,"TW Steel TW303 Women's Rose Gold Watch http://t.co/OKeik4sAYA #Ladies #TWSteel",https://twitter.com/LuxWatchGalor/status/480040881970368512,https://twitter.com/LuxWatchGalor
6/20/2014 10:48:09 PM,HouseofWatches2,"RT @twsteel: We're hoping for some more #DutchDelight today! Who else is rocking orange in their #BigTime #TWSteel today? http://t.co/W3bHAâ€¦",https://twitter.com/HouseofWatches2/status/479999149904240640,https://twitter.com/HouseofWatches2
6/20/2014 10:38:23 PM,SaladichJoies,"#BIGTIME  #TWSTEEL #watchesofinstagram http://t.co/D0vsISIwvd",https://twitter.com/SaladichJoies/status/479996688904368129,https://twitter.com/SaladichJoies
6/20/2014 9:16:57 PM,JuwelierArmand,"Wees er snel bij, 25% korting op alle #TWSTEEL horloges @JuwelierArmand http://t.co/PGjagnxgnC",https://twitter.com/JuwelierArmand/status/479976196642709504,https://twitter.com/JuwelierArmand
6/20/2014 6:31:49 PM,TWSteelTR,"Gece Mavisi ve Rose Gold'un mÃ¼kemmel buluÅŸmasÄ±... #stilzamanÄ± #saat #moda #twsteel #gecemavisi http://t.co/yskVILCyOh http://t.co/0SwqJF3TnR",https://twitter.com/TWSteelTR/status/479934640862810112,https://twitter.com/TWSteelTR
6/20/2014 5:28:37 PM,DemetOzdemrASK,"RT @ipekbagriacikk: SÄ°ZCE HANGÄ°SÄ° ? âŒšï¸â¤ï¸# #twsteel #saat#aksesuar #moda #trend #follow #forumsaat #fashion #instaturkey http://t.co/V8eZumPâ€¦",https://twitter.com/DemetOzdemrASK/status/479918734388506624,https://twitter.com/DemetOzdemrASK
6/20/2014 6:00:51 AM,LuxWatchGalor,"TW Steel CEO Kelly Rowland Edition Chronograph Women's Watch - CE4006 http://t.co/NgO9GwVwpM #Ladies #TWSteel",https://twitter.com/LuxWatchGalor/status/479745652713222144,https://twitter.com/LuxWatchGalor
6/20/2014 1:30:49 AM,LuxWatchGalor,"TW Steel Canteen Quartz Watch TW300 40mm Unisex http://t.co/Wh6hRwookc #Ladies #Men #TWSteel",https://twitter.com/LuxWatchGalor/status/479677697509957632,https://twitter.com/LuxWatchGalor
6/20/2014 12:23:54 AM,Alex_SBraga,"Cotton all ğŸ‘šğŸ‘— #cottonon #ombre #vm #setupoutfit #lacoste #twsteel #littletwinstar #sbdarkmocha http://t.co/2rR815q7jG",https://twitter.com/Alex_SBraga/status/479660857597911040,https://twitter.com/Alex_SBraga
6/20/2014 12:20:21 AM,SaulMurr09,"Cotton all ğŸ‘šğŸ‘— #cottonon #ombre #vm #setupoutfit #lacoste #twsteel #littletwinstar #sbdarkmocha http://t.co/OCXJ7YZDwi",https://twitter.com/SaulMurr09/status/479659963665887232,https://twitter.com/SaulMurr09
6/20/2014 12:20:13 AM,SotoErick_,"Cotton all ğŸ‘šğŸ‘— #cottonon #ombre #vm #setupoutfit #lacoste #twsteel #littletwinstar #sbdarkmocha http://t.co/ywxR9UUWqH",https://twitter.com/SotoErick_/status/479659928508833793,https://twitter.com/SotoErick_
6/20/2014 12:13:42 AM,_kaelGuzman,"Cotton all ğŸ‘šğŸ‘— #cottonon #ombre #vm #setupoutfit #lacoste #twsteel #littletwinstar #sbdarkmocha http://t.co/pFQQX4q5nH",https://twitter.com/_kaelGuzman/status/479658291333988352,https://twitter.com/_kaelGuzman
6/20/2014 12:13:02 AM,ValentinTnr,"Cotton all ğŸ‘šğŸ‘— #cottonon #ombre #vm #setupoutfit #lacoste #twsteel #littletwinstar #sbdarkmocha http://t.co/Ns5JAzffuC",https://twitter.com/ValentinTnr/status/479658123465359360,https://twitter.com/ValentinTnr
6/20/2014 12:12:03 AM,MarcosAlmn,"Cotton all ğŸ‘šğŸ‘— #cottonon #ombre #vm #setupoutfit #lacoste #twsteel #littletwinstar #sbdarkmocha http://t.co/h1nnQUO9CG",https://twitter.com/MarcosAlmn/status/479657874772066304,https://twitter.com/MarcosAlmn
6/20/2014 12:11:29 AM,GeovaniTrr,"Cotton all ğŸ‘šğŸ‘— #cottonon #ombre #vm #setupoutfit #lacoste #twsteel #littletwinstar #sbdarkmocha http://t.co/3h6Fa163OX",https://twitter.com/GeovaniTrr/status/479657731339874304,https://twitter.com/GeovaniTrr
6/20/2014 12:10:29 AM,RubenVidl,"Cotton all ğŸ‘šğŸ‘— #cottonon #ombre #vm #setupoutfit #lacoste #twsteel #littletwinstar #sbdarkmocha http://t.co/H4elfVhpFj",https://twitter.com/RubenVidl/status/479657479442558977,https://twitter.com/RubenVidl
6/20/2014 12:10:28 AM,alamillaHernan_,"Cotton all ğŸ‘šğŸ‘— #cottonon #ombre #vm #setupoutfit #lacoste #twsteel #littletwinstar #sbdarkmocha http://t.co/LxlN8xWm3Q",https://twitter.com/alamillaHernan_/status/479657474187079682,https://twitter.com/alamillaHernan_
6/20/2014 12:09:49 AM,MaxPga_,"Cotton all ğŸ‘šğŸ‘— #cottonon #ombre #vm #setupoutfit #lacoste #twsteel #littletwinstar #sbdarkmocha http://t.co/HrJiV5eXI0",https://twitter.com/MaxPga_/status/479657311053422592,https://twitter.com/MaxPga_
6/20/2014 12:08:27 AM,JaesonVna,"Cotton all ğŸ‘šğŸ‘— #cottonon #ombre #vm #setupoutfit #lacoste #twsteel #littletwinstar #sbdarkmocha http://t.co/Vvd5C3lAYD",https://twitter.com/JaesonVna/status/479656969742352385,https://twitter.com/JaesonVna
6/20/2014 12:08:03 AM,Kuaderno_Rosas,"Cotton all ğŸ‘šğŸ‘— #cottonon #ombre #vm #setupoutfit #lacoste #twsteel #littletwinstar #sbdarkmocha http://t.co/ooZbCNLra4",https://twitter.com/Kuaderno_Rosas/status/479656865903943680,https://twitter.com/Kuaderno_Rosas
6/20/2014 12:07:01 AM,AlvarezBT_,"Cotton all ğŸ‘šğŸ‘— #cottonon #ombre #vm #setupoutfit #lacoste #twsteel #littletwinstar #sbdarkmocha http://t.co/aJcMm0EQn0",https://twitter.com/AlvarezBT_/status/479656607631302656,https://twitter.com/AlvarezBT_
6/20/2014 12:05:45 AM,WilbertZmra,"Cotton all ğŸ‘šğŸ‘— #cottonon #ombre #vm #setupoutfit #lacoste #twsteel #littletwinstar #sbdarkmocha http://t.co/dBtmP5lgr9",https://twitter.com/WilbertZmra/status/479656290223128577,https://twitter.com/WilbertZmra
6/19/2014 9:45:08 PM,sagesse_lebanon,"RT @ElieRustom: Just spoilt myself and bought a season ending / recovery gift!!! This #TWSTEEL Tech Collection Watchâ€¦ http://t.co/upk3ptDumr",https://twitter.com/sagesse_lebanon/status/479620899922903040,https://twitter.com/sagesse_lebanon
6/19/2014 9:29:06 PM,ElieRustom,"Just spoilt myself and bought a season ending / recovery gift!!! This #TWSTEEL Tech Collection Watchâ€¦ http://t.co/upk3ptDumr",https://twitter.com/ElieRustom/status/479616868475338755,https://twitter.com/ElieRustom
6/19/2014 6:29:22 PM,Sarah131076,"RT @twsteel: We're hoping for some more #DutchDelight today! Who else is rocking orange in their #BigTime #TWSteel today? http://t.co/W3bHAâ€¦",https://twitter.com/Sarah131076/status/479571635000082432,https://twitter.com/Sarah131076
6/19/2014 5:51:43 PM,TWSteelTR,"RahatlÄ±ÄŸÄ±nÄ±zÄ± tarzÄ±nÄ±za yansÄ±tÄ±n... #stilzamanÄ± #saat #moda #yaz #twsteel #twsteeltr http://t.co/yskVILCyOh http://t.co/eygspR4Ab8",https://twitter.com/TWSteelTR/status/479562161011036160,https://twitter.com/TWSteelTR
6/19/2014 1:29:26 PM,Meryl_Pexton,"RT @SoPR_Chelsey: Busted, they got me. #work #PR #SoPR @soprnl @twsteel #TWsteel #event #watch #men #fashion http://t.co/oNabnraNoS",https://twitter.com/Meryl_Pexton/status/479496153697112064,https://twitter.com/Meryl_Pexton
6/19/2014 1:27:45 PM,SoPRnl,"RT @SoPR_Chelsey: Busted, they got me. #work #PR #SoPR @soprnl @twsteel #TWsteel #event #watch #men #fashion http://t.co/oNabnraNoS",https://twitter.com/SoPRnl/status/479495730508623872,https://twitter.com/SoPRnl
6/19/2014 11:30:12 AM,LuxWatchGalor,"TW Steel Ladies Goliath Watch CE3015 http://t.co/tiq9tkpkj9 #Ladies #TWSteel",https://twitter.com/LuxWatchGalor/status/479466147750768640,https://twitter.com/LuxWatchGalor
6/19/2014 5:40:35 AM,robgroves1010,"#TwSteel http://t.co/qLT3yHeofs",https://twitter.com/robgroves1010/status/479378163299258369,https://twitter.com/robgroves1010
6/19/2014 3:37:42 AM,LuxWatchGalor,"TW STEEL CE3018 http://t.co/9NxZgEPlHR #Ladies #TWSteel",https://twitter.com/LuxWatchGalor/status/479347241526640640,https://twitter.com/LuxWatchGalor
6/19/2014 3:37:42 AM,LuxWatchGalor,"TW Steel Canteen White Leather Strap Swarovski Crystal Women's Watch - TW35 http://t.co/aRu6s9Nnuh #Ladies #TWSteel",https://twitter.com/LuxWatchGalor/status/479347239043596288,https://twitter.com/LuxWatchGalor
6/19/2014 3:12:46 AM,SoPR_Chelsey,"Busted, they got me. #work #PR #SoPR @soprnl @twsteel #TWsteel #event #watch #men #fashion http://t.co/oNabnraNoS",https://twitter.com/SoPR_Chelsey/status/479340964306489344,https://twitter.com/SoPR_Chelsey
6/19/2014 1:47:55 AM,craig_1005,"@s22ver which one did you but?? Or are they your collection?? #TWsteel",https://twitter.com/craig_1005/status/479319611763326976,https://twitter.com/craig_1005
6/18/2014 10:20:49 PM,espesete,"RT @twsteel: We're hoping for some more #DutchDelight today! Who else is rocking orange in their #BigTime #TWSteel today? http://t.co/W3bHAâ€¦",https://twitter.com/espesete/status/479267493014679552,https://twitter.com/espesete
6/18/2014 9:36:02 PM,biglordyy,"@twsteel But of course...#dutchdelight #BigTime #twsteel http://t.co/UXiNuDVb6Z",https://twitter.com/biglordyy/status/479256225318969345,https://twitter.com/biglordyy
6/18/2014 9:26:12 PM,EstebanPetriz,"RT @twsteel: We're hoping for some more #DutchDelight today! Who else is rocking orange in their #BigTime #TWSteel today? http://t.co/W3bHAâ€¦",https://twitter.com/EstebanPetriz/status/479253750331080704,https://twitter.com/EstebanPetriz
6/18/2014 9:11:56 PM,alexbeb,"RT @twsteel: We're hoping for some more #DutchDelight today! Who else is rocking orange in their #BigTime #TWSteel today? http://t.co/W3bHAâ€¦",https://twitter.com/alexbeb/status/479250158115643392,https://twitter.com/alexbeb
6/18/2014 8:57:44 PM,barryvanoranje,"RT @twsteel: We're hoping for some more #DutchDelight today! Who else is rocking orange in their #BigTime #TWSteel today? http://t.co/W3bHAâ€¦",https://twitter.com/barryvanoranje/status/479246585701101568,https://twitter.com/barryvanoranje
6/18/2014 8:57:08 PM,twsteel,"We're hoping for some more #DutchDelight today! Who else is rocking orange in their #BigTime #TWSteel today? http://t.co/W3bHA7f0yN",https://twitter.com/twsteel/status/479246433653391360,https://twitter.com/twsteel
6/18/2014 8:29:56 PM,SaladichJoies,"Great look!!  #SLIMLINE #TWSTEEL http://t.co/4b7UkSLBxB",https://twitter.com/SaladichJoies/status/479239587504848896,https://twitter.com/SaladichJoies
6/18/2014 7:05:14 PM,ipeginfizigi,"RT @ipekbagriacikk: SÄ°ZCE HANGÄ°SÄ° ? âŒšï¸â¤ï¸# #twsteel #saat#aksesuar #moda #trend #follow #forumsaat #fashion #instaturkey http://t.co/V8eZumPâ€¦",https://twitter.com/ipeginfizigi/status/479218275444719616,https://twitter.com/ipeginfizigi
